"video_id","title","view_count","created_time","created_time_precision","upload_date","video_url","thumbnail_url","thumbnail_file","channel","collected_at_utc"
"_DlcriSXT7Q","BAJA CALIFORNIA: Where the Desert Meets the Sea","814463","2026-03-25T12:30:55.0000000Z","timestamp_utc","20260325","https://www.youtube.com/watch?v=_DlcriSXT7Q","https://i.ytimg.com/vi/_DlcriSXT7Q/maxresdefault.jpg","thumbnails/_DlcriSXT7Q.webp","Infinite Planet TV","2026-09-10T08:00:40.0000000Z"
"1MmFqN4Yl7o","RUSSIA: Behind the Iron Curtain","251511","2026-04-04T12:00:03.0000000Z","timestamp_utc","20260404","https://www.youtube.com/watch?v=1MmFqN4Yl7o","https://i.ytimg.com/vi/1MmFqN4Yl7o/maxresdefault.jpg","thumbnails/1MmFqN4Yl7o.webp","Infinite Planet TV","2026-09-10T08:00:36.0000000Z"
"6CZa2Vcv7WQ","WYOMING: On the Roof of a Supervolcano | 4K Travel Documentary","647776","2025-10-10T10:00:13.0000000Z","timestamp_utc","20251010","https://www.youtube.com/watch?v=6CZa2Vcv7WQ","https://i.ytimg.com/vi_webp/6CZa2Vcv7WQ/maxresdefault.webp","thumbnails/6CZa2Vcv7WQ.webp","Infinite Planet TV","2026-09-10T08:01:50.0000000Z"
"-6FRxYirzho","VENEZUELA: The True Lost World | 4K Documentary","140755","2026-01-26T11:00:01.0000000Z","timestamp_utc","20260126","https://www.youtube.com/watch?v=-6FRxYirzho","https://i.ytimg.com/vi/-6FRxYirzho/maxresdefault.jpg","thumbnails/-6FRxYirzho.webp","Infinite Planet TV","2026-09-10T08:00:58.0000000Z"
"8hojZWeNnLI","MAINE: Living in the State of the Rising Sun","37126","2026-07-25T10:00:13.0000000Z","timestamp_utc","20260725","https://www.youtube.com/watch?v=8hojZWeNnLI","https://i.ytimg.com/vi_webp/8hojZWeNnLI/maxresdefault.webp","thumbnails/8hojZWeNnLI.webp","Infinite Planet TV","2026-09-10T07:59:46.0000000Z"
"Aileq90JOqo","JAVA: The Kingdom of Fire","29188","2026-06-27T10:00:30.0000000Z","timestamp_utc","20260627","https://www.youtube.com/watch?v=Aileq90JOqo","https://i.ytimg.com/vi/Aileq90JOqo/maxresdefault.jpg","thumbnails/Aileq90JOqo.webp","Infinite Planet TV","2026-09-10T07:59:58.0000000Z"
"c21q2lJEegw","ALASKA: Russian America | Travel Documentary 4K","1305255","2025-11-01T11:01:11.0000000Z","timestamp_utc","20251101","https://www.youtube.com/watch?v=c21q2lJEegw","https://i.ytimg.com/vi_webp/c21q2lJEegw/maxresdefault.webp","thumbnails/c21q2lJEegw.webp","Infinite Planet TV","2026-09-10T08:01:34.0000000Z"
"EcTpeWomFEw","ISRAEL & PALESTINE: Wonders of the Holy Land | Travel Doumentary 4K","345894","2025-09-29T16:00:22.0000000Z","timestamp_utc","20250929","https://www.youtube.com/watch?v=EcTpeWomFEw","https://i.ytimg.com/vi/EcTpeWomFEw/maxresdefault.jpg","thumbnails/EcTpeWomFEw.webp","Infinite Planet TV","2026-09-10T08:02:04.0000000Z"
"fZgt0iyigcg","WALES: The Land of Dragons","191063","2026-06-05T12:46:45.0000000Z","timestamp_utc","20260605","https://www.youtube.com/watch?v=fZgt0iyigcg","https://i.ytimg.com/vi_webp/fZgt0iyigcg/maxresdefault.webp","thumbnails/fZgt0iyigcg.webp","Infinite Planet TV","2026-09-10T08:00:08.0000000Z"
"iebCgX_89Tk","CHINA 2050: A Country That Lives in the Future | 4K Documentary","928332","2025-12-26T11:01:31.0000000Z","timestamp_utc","20251226","https://www.youtube.com/watch?v=iebCgX_89Tk","https://i.ytimg.com/vi/iebCgX_89Tk/maxresdefault.jpg","thumbnails/iebCgX_89Tk.webp","Infinite Planet TV","2026-09-10T08:01:12.0000000Z"
"izpFSiGE2L4","APPALACHIA: The Oldest Mountains on Earth","909233","2026-06-15T10:00:21.0000000Z","timestamp_utc","20260615","https://www.youtube.com/watch?v=izpFSiGE2L4","https://i.ytimg.com/vi_webp/izpFSiGE2L4/maxresdefault.webp","thumbnails/izpFSiGE2L4.webp","Infinite Planet TV","2026-09-10T08:00:04.0000000Z"
"-j0lFvx8JbE","ARCTIC: Life Beyond the Polar Circle | 4K Travel Documentary","222127","2025-11-15T10:45:00.0000000Z","timestamp_utc","20251115","https://www.youtube.com/watch?v=-j0lFvx8JbE","https://i.ytimg.com/vi/-j0lFvx8JbE/maxresdefault.jpg","thumbnails/-j0lFvx8JbE.webp","Infinite Planet TV","2026-09-10T08:01:28.0000000Z"
"jjCA6GRM6yo","AMAZON: The Dangerous Jungle","507586","2026-04-29T11:01:14.0000000Z","timestamp_utc","20260429","https://www.youtube.com/watch?v=jjCA6GRM6yo","https://i.ytimg.com/vi_webp/jjCA6GRM6yo/maxresdefault.webp","thumbnails/jjCA6GRM6yo.webp","Infinite Planet TV","2026-09-10T08:00:24.0000000Z"
"jyHL2SqcKfM","BALI: The Island Too Beautiful to be Real","122244","2026-03-07T11:01:10.0000000Z","timestamp_utc","20260307","https://www.youtube.com/watch?v=jyHL2SqcKfM","https://i.ytimg.com/vi/jyHL2SqcKfM/maxresdefault.jpg","thumbnails/jyHL2SqcKfM.webp","Infinite Planet TV","2026-09-10T08:00:46.0000000Z"
"kMOrCo1c8Ro","GREENLAND: The Great Deception","15684","2026-02-03T11:01:18.0000000Z","timestamp_utc","20260203","https://www.youtube.com/watch?v=kMOrCo1c8Ro","https://i.ytimg.com/vi/kMOrCo1c8Ro/maxresdefault.jpg","thumbnails/kMOrCo1c8Ro.webp","Infinite Planet TV","2026-09-10T08:00:54.0000000Z"
"Moc2cm9GHDc","Mysterious Places of the WESTERN US | Hidden Natural Wonders | 4K Travel Documentary","388902","2025-10-06T10:00:39.0000000Z","timestamp_utc","20251006","https://www.youtube.com/watch?v=Moc2cm9GHDc","https://i.ytimg.com/vi_webp/Moc2cm9GHDc/maxresdefault.webp","thumbnails/Moc2cm9GHDc.webp","Infinite Planet TV","2026-09-10T08:01:54.0000000Z"
"MTkfN_0DOV0","EAST GERMANY: Traces of the Soviet Past","68455","2026-09-05T10:00:28.0000000Z","timestamp_utc","20260905","https://www.youtube.com/watch?v=MTkfN_0DOV0","https://i.ytimg.com/vi_webp/MTkfN_0DOV0/maxresdefault.webp","thumbnails/MTkfN_0DOV0.webp","Infinite Planet TV","2026-09-10T07:59:38.0000000Z"
"nXvnof8fTBc","HIMALAYA: The Giants of Earth | 4K Travel Documentary","577195","2025-11-24T11:01:36.0000000Z","timestamp_utc","20251124","https://www.youtube.com/watch?v=nXvnof8fTBc","https://i.ytimg.com/vi_webp/nXvnof8fTBc/maxresdefault.webp","thumbnails/nXvnof8fTBc.webp","Infinite Planet TV","2026-09-10T08:01:22.0000000Z"
"OWTPSfeIpKk","SIERRA NEVADA: The Granite Wall of California","221069","2026-08-22T10:00:13.0000000Z","timestamp_utc","20260822","https://www.youtube.com/watch?v=OWTPSfeIpKk","https://i.ytimg.com/vi_webp/OWTPSfeIpKk/maxresdefault.webp","thumbnails/OWTPSfeIpKk.webp","Infinite Planet TV","2026-09-10T07:59:42.0000000Z"
"Q-lFq60uNFQ","MONTANA: The Wild Heart of the Rockies | 4K Travel Documentary","1330283","2025-12-03T09:52:20.0000000Z","timestamp_utc","20251203","https://www.youtube.com/watch?v=Q-lFq60uNFQ","https://i.ytimg.com/vi_webp/Q-lFq60uNFQ/maxresdefault.webp","thumbnails/Q-lFq60uNFQ.webp","Infinite Planet TV","2026-09-10T08:01:18.0000000Z"
"QqcGdA6kWD8","PATAGONIA: The Bottom of the World | 4K Travel Documentary","1845945","2025-10-20T10:30:31.0000000Z","timestamp_utc","20251020","https://www.youtube.com/watch?v=QqcGdA6kWD8","https://i.ytimg.com/vi/QqcGdA6kWD8/maxresdefault.jpg","thumbnails/QqcGdA6kWD8.webp","Infinite Planet TV","2026-09-10T08:01:44.0000000Z"
"qTKQchy7aHQ","IRELAND: The Sanctuary of Faith | 4K Travel Documentary","30312","2025-10-28T11:02:01.0000000Z","timestamp_utc","20251028","https://www.youtube.com/watch?v=qTKQchy7aHQ","https://i.ytimg.com/vi/qTKQchy7aHQ/maxresdefault.jpg","thumbnails/qTKQchy7aHQ.webp","Infinite Planet TV","2026-09-10T08:01:40.0000000Z"
"RDpasuxu2Rk","TIBET: Living above the Clouds | How People Live on the Roof of the World","114475","2026-07-10T10:00:26.0000000Z","timestamp_utc","20260710","https://www.youtube.com/watch?v=RDpasuxu2Rk","https://i.ytimg.com/vi/RDpasuxu2Rk/maxresdefault.jpg","thumbnails/RDpasuxu2Rk.webp","Infinite Planet TV","2026-09-10T07:59:52.0000000Z"
"TBHGq9uRgPo","SAHARA: The Land too Hostile to Live","338941","2026-01-15T11:01:01.0000000Z","timestamp_utc","20260115","https://www.youtube.com/watch?v=TBHGq9uRgPo","https://i.ytimg.com/vi_webp/TBHGq9uRgPo/maxresdefault.webp","thumbnails/TBHGq9uRgPo.webp","Infinite Planet TV","2026-09-10T08:01:04.0000000Z"
"tSAidxe2XBw","COLORADO: Middle-Earth of America","217301","2026-04-15T12:31:25.0000000Z","timestamp_utc","20260415","https://www.youtube.com/watch?v=tSAidxe2XBw","https://i.ytimg.com/vi_webp/tSAidxe2XBw/maxresdefault.webp","thumbnails/tSAidxe2XBw.webp","Infinite Planet TV","2026-09-10T08:00:30.0000000Z"
"tzo2gNrZm54","SIBERIA: the Frozen Heart of Russia","2449261","2025-10-03T10:01:46.0000000Z","timestamp_utc","20251003","https://www.youtube.com/watch?v=tzo2gNrZm54","https://i.ytimg.com/vi_webp/tzo2gNrZm54/maxresdefault.webp","thumbnails/tzo2gNrZm54.webp","Infinite Planet TV","2026-09-10T08:02:00.0000000Z"
"uyqnJSXmuo4","THE GREAT LAKES: America’s Inland Oceans","564321","2026-05-22T11:30:23.0000000Z","timestamp_utc","20260522","https://www.youtube.com/watch?v=uyqnJSXmuo4","https://i.ytimg.com/vi/uyqnJSXmuo4/maxresdefault.jpg","thumbnails/uyqnJSXmuo4.webp","Infinite Planet TV","2026-09-10T08:00:14.0000000Z"
"YezZztmANnE","TEXAS: The Independent State | 4K Travel Documentary","903896","2026-01-04T11:01:05.0000000Z","timestamp_utc","20260104","https://www.youtube.com/watch?v=YezZztmANnE","https://i.ytimg.com/vi_webp/YezZztmANnE/maxresdefault.webp","thumbnails/YezZztmANnE.webp","Infinite Planet TV","2026-09-10T08:01:08.0000000Z"
"YFBGsEPjOgs","OUTBACK: The Most Dangerous Desert","458860","2026-05-10T11:30:35.0000000Z","timestamp_utc","20260510","https://www.youtube.com/watch?v=YFBGsEPjOgs","https://i.ytimg.com/vi/YFBGsEPjOgs/maxresdefault.jpg","thumbnails/YFBGsEPjOgs.webp","Infinite Planet TV","2026-09-10T08:00:18.0000000Z"
"z2xG19Lcass","SICILY: The Island of Wonders — Best Places to Visit in Italy | 4K Travel Documentary","334360","2025-09-26T11:40:35.0000000Z","timestamp_utc","20250926","https://www.youtube.com/watch?v=z2xG19Lcass","https://i.ytimg.com/vi/z2xG19Lcass/maxresdefault.jpg","thumbnails/z2xG19Lcass.webp","Infinite Planet TV","2026-09-10T08:02:10.0000000Z"
"zoTi2chgYrg","WASHINGTON: The Wild Pacific Coast | Travel Documentary 4K","424281","2026-02-15T11:01:35.0000000Z","timestamp_utc","20260215","https://www.youtube.com/watch?v=zoTi2chgYrg","https://i.ytimg.com/vi/zoTi2chgYrg/maxresdefault.jpg","thumbnails/zoTi2chgYrg.webp","Infinite Planet TV","2026-09-10T08:00:50.0000000Z"
